beta,energy,magnet
0.10000,-0.25000,0.12500
0.10000,0.20312,-0.01562
0.10000,-0.23438,-0.03125
0.10000,-0.07812,-0.01562
0.10000,-0.15625,-0.06250
0.10000,-0.45312,0.23438
0.10000,-0.12500,0.06250
0.10000,-0.18750,-0.07812
0.10000,-0.21875,-0.21875
0.10000,-0.20312,-0.23438
0.10000,-0.23438,-0.01562
0.10000,-0.10938,0.14062
0.10000,-0.23438,-0.10938
0.10000,-0.31250,-0.17188
0.10000,-0.18750,-0.01562
0.10000,-0.31250,0.21875
0.10000,-0.40625,0.14062
0.10000,-0.32812,0.12500
0.10000,-0.32812,0.00000
0.10000,-0.23438,0.06250
0.10000,-0.17188,0.10938
0.10000,-0.37500,-0.03125
0.10000,-0.39062,0.01562
0.10000,-0.40625,0.28125
0.10000,-0.21875,0.09375
0.10000,-0.21875,0.04688
0.10000,0.07812,0.06250
0.10000,-0.10938,0.14062
0.10000,0.01562,0.03125
0.10000,-0.28125,-0.15625
0.10000,-0.35938,0.00000
0.10000,-0.37500,-0.06250
0.10000,-0.18750,-0.01562
0.10000,-0.29688,-0.12500
0.10000,0.00000,0.01562
0.10000,-0.18750,0.17188
0.10000,-0.54688,0.21875
0.10000,-0.42188,-0.14062
0.10000,-0.29688,0.01562
0.11020,-0.40625,-0.04688
0.10000,-0.23438,-0.12500
0.11020,-0.14062,-0.03125
0.11020,-0.18750,-0.04688
0.11020,-0.21875,0.12500
0.11020,-0.37500,0.09375
0.11020,-0.06250,-0.07812
0.11020,0.10938,-0.07812
0.11020,-0.25000,0.00000
0.11020,0.12500,0.07812
0.11020,-0.15625,-0.17188
0.11020,-0.26562,-0.10938
0.11020,-0.43750,0.18750
0.11020,-0.34375,0.07812
0.11020,-0.28125,-0.06250
0.11020,-0.28125,-0.09375
0.11020,-0.18750,-0.07812
0.11020,-0.21875,0.12500
0.11020,-0.20312,0.09375
0.11020,-0.21875,-0.09375
0.11020,-0.18750,0.07812
0.11020,-0.39062,-0.07812
0.11020,-0.25000,0.03125
0.11020,-0.07812,0.01562
0.11020,-0.43750,-0.04688
0.11020,-0.34375,-0.12500
0.11020,-0.18750,-0.03125
0.11020,-0.25000,0.06250
0.11020,-0.12500,0.00000
0.11020,-0.10938,0.04688
0.11020,-0.14062,0.07812
0.11020,-0.10938,-0.04688
0.11020,-0.40625,-0.07812
0.11020,-0.23438,0.07812
0.11020,-0.03125,0.00000
0.11020,-0.25000,-0.17188
0.11020,-0.37500,0.23438
0.11020,-0.31250,0.06250
0.11020,-0.10938,-0.10938
0.11020,-0.15625,0.09375
0.11020,-0.03125,-0.01562
0.12041,-0.26562,-0.17188
0.12041,-0.25000,-0.15625
0.12041,-0.37500,-0.07812
0.12041,-0.12500,-0.04688
0.12041,-0.31250,0.07812
0.12041,-0.23438,-0.03125
0.12041,-0.40625,-0.15625
0.12041,-0.40625,-0.23438
0.12041,-0.23438,-0.15625
0.12041,-0.20312,-0.17188
0.12041,-0.39062,0.28125
0.12041,-0.20312,-0.06250
0.12041,-0.28125,-0.03125
0.12041,-0.26562,-0.14062
0.12041,-0.18750,0.01562
0.12041,-0.25000,0.01562
0.12041,-0.29688,0.03125
0.12041,-0.25000,-0.17188
0.12041,-0.23438,0.10938
0.12041,-0.06250,0.00000
0.12041,-0.25000,-0.14062
0.12041,-0.09375,0.01562
0.12041,-0.35938,0.12500
0.12041,-0.17188,0.04688
0.12041,-0.32812,-0.25000
0.12041,-0.03125,-0.18750
0.12041,-0.18750,-0.06250
0.12041,-0.37500,-0.23438
0.12041,-0.09375,-0.03125
0.12041,-0.34375,0.03125
0.12041,-0.37500,0.09375
0.12041,-0.06250,-0.04688
0.12041,-0.23438,0.04688
0.12041,-0.07812,-0.06250
0.12041,-0.14062,-0.15625
0.12041,-0.14062,0.03125
0.12041,-0.57812,-0.31250
0.12041,-0.14062,0.10938
0.12041,-0.29688,0.06250
0.13061,-0.12500,-0.07812
0.12041,-0.34375,0.20312
0.13061,-0.25000,0.01562
0.13061,-0.20312,-0.03125
0.13061,-0.60938,-0.35938
0.13061,-0.26562,-0.12500
0.13061,-0.42188,-0.21875
0.13061,-0.29688,-0.07812
0.13061,-0.45312,0.18750
0.13061,-0.64062,0.28125
0.13061,-0.23438,0.14062
0.13061,-0.03125,0.01562
0.13061,-0.32812,0.15625
0.13061,-0.32812,-0.14062
0.13061,-0.12500,-0.10938
0.13061,-0.20312,0.04688
0.13061,-0.09375,-0.01562
0.13061,-0.18750,-0.09375
0.13061,-0.10938,-0.12500
0.13061,-0.43750,0.07812
0.13061,-0.39062,-0.18750
0.13061,-0.42188,0.10938
0.13061,-0.29688,0.04688
0.13061,-0.21875,-0.04688
0.13061,-0.39062,-0.21875
0.13061,-0.32812,-0.06250
0.13061,0.00000,0.04688
0.13061,-0.43750,0.21875
0.13061,-0.46875,0.18750
0.13061,-0.35938,-0.06250
0.13061,-0.53125,-0.25000
0.13061,-0.10938,0.00000
0.13061,-0.40625,-0.17188
0.13061,-0.20312,0.03125
0.13061,-0.12500,0.01562
0.13061,-0.31250,-0.04688
0.13061,-0.39062,0.12500
0.13061,-0.25000,0.12500
0.13061,-0.17188,0.00000
0.13061,-0.23438,0.03125
0.13061,-0.04688,0.04688
0.14082,-0.42188,-0.04688
0.14082,-0.34375,-0.20312
0.14082,-0.57812,0.31250
0.14082,-0.32812,0.15625
0.14082,-0.29688,-0.17188
0.14082,-0.17188,-0.04688
0.14082,-0.29688,-0.09375
0.14082,-0.32812,-0.12500
0.14082,-0.25000,-0.12500
0.14082,-0.40625,-0.14062
0.14082,-0.39062,0.03125
0.14082,-0.21875,-0.09375
0.14082,-0.21875,-0.04688
0.14082,-0.21875,0.07812
0.14082,-0.43750,-0.14062
0.14082,-0.39062,0.18750
0.14082,0.00000,-0.06250
0.14082,-0.39062,0.03125
0.14082,-0.26562,0.32812
0.14082,-0.15625,-0.15625
0.14082,-0.29688,-0.07812
0.14082,-0.51562,-0.32812
0.14082,-0.10938,0.10938
0.14082,-0.28125,-0.01562
0.14082,-0.07812,0.00000
0.14082,-0.31250,-0.09375
0.14082,-0.37500,0.10938
0.14082,-0.06250,0.20312
0.14082,-0.17188,0.06250
0.14082,-0.23438,0.21875
0.14082,-0.56250,-0.18750
0.14082,-0.78125,0.17188
0.14082,-0.37500,0.00000
0.14082,-0.51562,-0.28125
0.14082,-0.25000,-0.06250
0.14082,-0.21875,0.01562
0.14082,-0.39062,-0.18750
0.14082,-0.23438,0.00000
0.14082,-0.18750,0.03125
0.14082,-0.40625,0.20312
0.15102,-0.23438,0.01562
0.15102,-0.54688,0.04688
0.15102,-0.23438,0.17188
0.15102,-0.29688,-0.10938
0.15102,-0.12500,0.03125
0.15102,-0.21875,0.09375
0.15102,-0.45312,-0.23438
0.15102,-0.15625,0.06250
0.15102,-0.39062,0.15625
0.15102,-0.60938,0.25000
0.15102,-0.18750,0.09375
0.15102,-0.48438,-0.23438
0.15102,-0.45312,0.15625
0.15102,-0.43750,-0.25000
0.15102,-0.31250,0.03125
0.15102,-0.26562,0.17188
0.15102,-0.53125,0.20312
0.15102,-0.53125,0.31250
0.15102,-0.34375,0.00000
0.15102,-0.43750,0.00000
0.15102,-0.40625,0.07812
0.15102,-0.42188,0.04688
0.15102,-0.29688,0.04688
0.15102,-0.56250,0.34375
0.15102,-0.28125,0.18750
0.15102,-0.06250,-0.20312
0.15102,-0.39062,-0.07812
0.15102,-0.26562,0.10938
0.15102,-0.43750,0.25000
0.15102,-0.29688,0.04688
0.15102,-0.18750,-0.23438
0.15102,-0.18750,0.09375
0.15102,-0.23438,-0.07812
0.15102,-0.75000,-0.39062
0.15102,-0.25000,0.25000
0.15102,-0.28125,0.25000
0.15102,-0.34375,0.35938
0.15102,-0.07812,0.00000
0.15102,-0.34375,0.06250
0.15102,-0.32812,-0.25000
0.16122,-0.25000,0.18750
0.16122,-0.45312,0.18750
0.16122,-0.35938,-0.12500
0.16122,-0.51562,0.14062
0.16122,-0.21875,0.09375
0.16122,-0.35938,-0.03125
0.16122,-0.43750,0.23438
0.16122,-0.37500,-0.15625
0.16122,-0.23438,-0.04688
0.16122,-0.42188,-0.07812
0.16122,-0.32812,-0.10938
0.16122,-0.53125,0.28125
0.16122,-0.62500,0.32812
0.16122,-0.50000,0.04688
0.16122,-0.46875,0.25000
0.16122,-0.37500,0.14062
0.16122,-0.32812,-0.06250
0.16122,-0.40625,-0.14062
0.16122,-0.39062,-0.21875
0.16122,-0.39062,-0.04688
0.16122,-0.23438,0.01562
0.16122,-0.45312,-0.03125
0.16122,-0.43750,0.12500
0.16122,-0.31250,0.10938
0.16122,-0.50000,0.40625
0.16122,-0.62500,0.31250
0.16122,-0.15625,0.07812
0.16122,-0.34375,0.20312
0.16122,-0.57812,-0.25000
0.16122,-0.20312,-0.09375
0.16122,-0.57812,0.28125
0.16122,-0.25000,0.07812
0.16122,0.01562,-0.06250
0.16122,-0.39062,0.01562
0.16122,-0.10938,-0.04688
0.16122,-0.23438,-0.15625
0.16122,-0.34375,-0.01562
0.16122,-0.43750,0.04688
0.16122,-0.29688,0.14062
0.16122,-0.32812,-0.18750
0.17143,-0.39062,0.18750
0.17143,-0.34375,0.07812
0.17143,-0.17188,0.21875
0.17143,-0.71875,-0.31250
0.17143,-0.40625,0.26562
0.17143,-0.48438,0.20312
0.17143,-0.34375,-0.23438
0.17143,-0.43750,0.09375
0.17143,-0.45312,0.32812
0.17143,-0.20312,0.07812
0.17143,-0.23438,-0.09375
0.17143,-0.31250,-0.10938
0.17143,-0.04688,-0.12500
0.17143,-0.60938,-0.17188
0.17143,-0.56250,-0.26562
0.17143,-0.32812,0.14062
0.17143,-0.34375,-0.09375
0.17143,-0.62500,-0.35938
0.17143,-0.32812,0.06250
0.17143,-0.29688,0.23438
0.17143,-0.42188,-0.21875
0.17143,-0.17188,-0.04688
0.17143,-0.29688,-0.10938
0.17143,-0.37500,-0.04688
0.17143,-0.45312,-0.26562
0.17143,-0.40625,-0.17188
0.17143,-0.40625,-0.29688
0.17143,-0.81250,-0.35938
0.17143,-0.43750,-0.12500
0.17143,-0.43750,0.09375
0.17143,-0.20312,-0.01562
0.17143,-0.32812,0.14062
0.17143,-0.34375,-0.15625
0.17143,-0.59375,0.17188
0.17143,-0.32812,-0.07812
0.17143,-0.34375,0.18750
0.17143,-0.54688,0.09375
0.17143,-0.20312,-0.10938
0.17143,-0.35938,-0.26562
0.17143,-0.28125,-0.09375
0.18163,-0.46875,-0.04688
0.18163,-0.48438,-0.17188
0.18163,-0.25000,-0.15625
0.18163,-0.20312,-0.04688
0.18163,-0.98438,0.46875
0.18163,-0.31250,-0.01562
0.18163,-0.59375,0.23438
0.18163,-0.39062,-0.17188
0.18163,-0.40625,0.12500
0.18163,-0.43750,0.28125
0.18163,-0.56250,-0.34375
0.18163,-0.28125,-0.04688
0.18163,-0.14062,-0.04688
0.18163,-0.20312,0.14062
0.18163,-0.68750,0.35938
0.18163,-0.48438,0.26562
0.18163,-0.56250,-0.17188
0.18163,-0.50000,0.20312
0.18163,-0.29688,-0.07812
0.18163,-0.35938,-0.07812
0.18163,-0.75000,0.29688
0.18163,-0.43750,0.09375
0.18163,-0.45312,-0.25000
0.18163,-0.20312,0.01562
0.18163,-0.25000,0.04688
0.18163,-0.46875,0.28125
0.18163,-0.40625,0.32812
0.18163,-0.31250,-0.12500
0.18163,-0.26562,-0.01562
0.18163,-0.32812,0.04688
0.18163,-0.35938,0.26562
0.18163,-0.35938,0.18750
0.18163,-0.60938,-0.32812
0.18163,-0.42188,0.07812
0.18163,-0.31250,-0.20312
0.18163,-0.51562,-0.28125
0.18163,-0.68750,-0.40625
0.18163,-0.46875,-0.18750
0.19184,-0.62500,-0.01562
0.18163,-0.31250,-0.09375
0.18163,-0.40625,-0.18750
0.19184,-0.45312,0.07812
0.19184,-0.67188,-0.37500
0.19184,-0.50000,0.31250
0.19184,-0.54688,0.31250
0.19184,-0.50000,-0.17188
0.19184,-0.37500,0.17188
0.19184,-0.35938,-0.04688
0.19184,-0.26562,0.25000
0.19184,-0.26562,-0.21875
0.19184,-0.46875,-0.01562
0.19184,-0.59375,-0.21875
0.19184,-0.40625,0.20312
0.19184,-0.25000,0.18750
0.19184,-0.70312,-0.35938
0.19184,-0.18750,-0.07812
0.19184,-0.35938,0.15625
0.19184,-0.32812,-0.09375
0.19184,-0.20312,0.07812
0.19184,-0.35938,-0.10938
0.19184,-0.53125,-0.15625
0.19184,-0.31250,-0.18750
0.19184,-0.31250,0.00000
0.19184,-0.48438,0.15625
0.19184,-1.01562,-0.48438
0.19184,-0.40625,-0.12500
0.19184,-0.42188,0.09375
0.19184,-0.48438,-0.21875
0.19184,-0.28125,0.34375
0.19184,-0.25000,-0.28125
0.19184,-0.35938,-0.20312
0.19184,-0.46875,-0.23438
0.19184,-0.46875,-0.21875
0.19184,-0.93750,0.51562
0.19184,-0.37500,-0.04688
0.19184,-0.46875,0.07812
0.19184,-0.62500,-0.28125
0.19184,-0.32812,0.09375
0.19184,-0.10938,0.06250
0.19184,-0.67188,0.34375
0.20204,-0.21875,-0.14062
0.20204,-0.90625,-0.48438
0.20204,-0.37500,0.09375
0.20204,-0.48438,-0.26562
0.20204,-0.56250,-0.18750
0.20204,-0.68750,0.34375
0.20204,-0.20312,-0.01562
0.20204,-0.40625,0.01562
0.20204,-0.95312,0.57812
0.20204,-0.54688,0.23438
0.20204,-0.31250,-0.17188
0.20204,-0.57812,0.32812
0.20204,-0.53125,-0.32812
0.20204,-0.76562,0.39062
0.20204,-0.23438,-0.10938
0.20204,-0.48438,-0.21875
0.20204,-0.23438,0.09375
0.20204,-0.23438,0.06250
0.20204,-0.62500,-0.07812
0.20204,-0.48438,0.10938
0.20204,-0.62500,-0.26562
0.20204,-0.46875,0.29688
0.20204,-0.70312,-0.34375
0.20204,-0.37500,-0.01562
0.20204,-0.14062,-0.04688
0.20204,-0.48438,0.18750
0.20204,-0.62500,0.34375
0.20204,-0.70312,0.15625
0.20204,-0.50000,-0.21875
0.20204,-0.43750,-0.10938
0.20204,-0.54688,-0.10938
0.20204,-0.46875,0.14062
0.20204,-0.32812,-0.06250
0.20204,-0.31250,0.04688
0.20204,-0.35938,0.31250
0.20204,-0.39062,-0.06250
0.20204,-0.46875,-0.06250
0.20204,-0.53125,-0.15625
0.21224,-0.68750,0.34375
0.21224,-0.23438,-0.09375
0.20204,-0.50000,0.17188
0.20204,-0.43750,0.04688
0.21224,-0.32812,0.06250
0.21224,-0.59375,0.23438
0.21224,-0.90625,-0.34375
0.21224,-0.42188,0.00000
0.21224,-0.56250,0.32812
0.21224,-0.89062,0.46875
0.21224,-0.62500,-0.29688
0.21224,-0.46875,-0.21875
0.21224,-0.39062,0.00000
0.21224,-0.46875,0.07812
0.21224,-0.35938,0.04688
0.21224,-0.53125,-0.18750
0.21224,-0.42188,-0.18750
0.21224,-0.39062,0.18750
0.21224,-0.35938,-0.23438
0.21224,-0.53125,-0.23438
0.21224,-0.56250,-0.37500
0.21224,-0.81250,-0.29688
0.21224,-0.46875,-0.20312
0.21224,-0.64062,0.12500
0.21224,-0.37500,-0.01562
0.21224,-0.37500,0.17188
0.21224,-0.54688,-0.26562
0.21224,-0.70312,-0.31250
0.21224,-0.57812,-0.29688
0.21224,-0.54688,0.23438
0.21224,-0.15625,-0.12500
0.21224,-0.85938,-0.37500
0.21224,-0.54688,0.21875
0.21224,-0.40625,-0.23438
0.21224,-0.50000,0.14062
0.21224,-0.85938,-0.37500
0.21224,-0.23438,0.01562
0.21224,-0.31250,-0.06250
0.21224,-0.43750,-0.31250
0.21224,-0.48438,-0.07812
0.21224,-0.35938,0.18750
0.21224,-0.42188,0.14062
0.22245,-0.45312,0.01562
0.22245,-0.81250,0.46875
0.22245,-0.43750,-0.23438
0.22245,-0.57812,0.32812
0.22245,-0.73438,0.43750
0.22245,-0.56250,0.21875
0.22245,-0.70312,-0.28125
0.22245,-0.21875,-0.06250
0.22245,-0.40625,-0.01562
0.22245,-0.40625,0.00000
0.22245,-0.68750,0.17188
0.22245,-0.53125,0.15625
0.22245,-0.43750,-0.06250
0.22245,-0.87500,0.39062
0.22245,-0.34375,0.15625
0.22245,-0.60938,-0.39062
0.22245,-0.45312,0.31250
0.22245,-0.57812,-0.25000
0.22245,-0.68750,-0.18750
0.22245,-0.32812,0.18750
0.22245,-0.54688,-0.12500
0.22245,-0.12500,-0.07812
0.22245,-0.32812,0.23438
0.22245,-0.37500,-0.06250
0.22245,-0.51562,0.21875
0.22245,-0.90625,0.43750
0.22245,-0.56250,0.18750
0.22245,-0.60938,-0.17188
0.22245,-0.62500,0.31250
0.22245,-0.68750,-0.40625
0.22245,-0.60938,0.21875
0.22245,-0.60938,0.43750
0.22245,-0.54688,-0.01562
0.22245,-0.67188,0.34375
0.22245,-0.50000,-0.29688
0.22245,-0.73438,-0.43750
0.22245,-0.48438,0.18750
0.22245,-0.79688,-0.34375
0.22245,-0.37500,-0.07812
0.23265,-0.43750,0.18750
0.22245,-0.43750,-0.06250
0.23265,-0.85938,-0.43750
0.23265,-0.82812,-0.48438
0.23265,-0.42188,0.09375
0.23265,-0.26562,-0.03125
0.23265,-0.54688,-0.23438
0.23265,-0.93750,-0.53125
0.23265,-0.64062,-0.25000
0.23265,-0.51562,0.23438
0.23265,-0.75000,-0.45312
0.23265,-0.73438,0.39062
0.23265,-0.59375,-0.21875
0.23265,-0.45312,-0.20312
0.23265,-0.26562,-0.17188
0.23265,-0.90625,0.34375
0.23265,-0.62500,0.35938
0.23265,-0.39062,-0.01562
0.23265,-0.62500,-0.37500
0.23265,-0.70312,0.34375
0.23265,-1.03125,-0.51562
0.23265,-0.73438,-0.39062
0.23265,-0.78125,0.48438
0.23265,-0.89062,0.40625
0.23265,-0.32812,-0.10938
0.23265,-0.73438,-0.32812
0.23265,-0.62500,0.32812
0.23265,-0.67188,-0.29688
0.23265,-0.84375,-0.46875
0.23265,-0.75000,-0.23438
0.23265,-1.03125,-0.50000
0.23265,-0.56250,-0.28125
0.23265,-0.48438,0.34375
0.23265,-0.67188,0.39062
0.23265,-0.64062,0.34375
0.23265,-0.59375,0.21875
0.23265,-0.32812,0.15625
0.23265,-0.73438,-0.15625
0.23265,-0.51562,0.14062
0.23265,-0.45312,0.18750
0.24286,-0.42188,0.04688
0.23265,-0.53125,0.03125
0.24286,-0.48438,-0.12500
0.24286,-0.39062,0.00000
0.24286,-1.00000,0.46875
0.24286,-0.81250,-0.37500
0.24286,-0.67188,-0.01562
0.24286,-0.53125,-0.21875
0.24286,-0.45312,0.26562
0.24286,-1.06250,-0.51562
0.24286,-0.43750,0.29688
0.24286,-0.57812,-0.31250
0.24286,-0.59375,0.32812
0.24286,-0.96875,-0.51562
0.24286,-0.43750,0.10938
0.24286,-0.84375,-0.39062
0.24286,-0.73438,0.32812
0.24286,-0.78125,-0.46875
0.24286,-0.54688,0.12500
0.24286,-0.68750,0.26562
0.24286,-0.42188,-0.21875
0.24286,-0.53125,0.20312
0.24286,-0.45312,-0.20312
0.24286,-0.79688,0.26562
0.24286,-0.82812,0.40625
0.24286,-0.81250,-0.45312
0.24286,-0.40625,0.04688
0.24286,-0.40625,0.31250
0.24286,-0.68750,0.29688
0.24286,-0.78125,0.43750
0.24286,-0.62500,-0.07812
0.24286,-0.68750,0.25000
0.24286,-0.40625,0.25000
0.24286,-0.65625,-0.23438
0.24286,-0.96875,-0.51562
0.24286,-0.37500,0.07812
0.24286,-0.85938,-0.40625
0.24286,-0.65625,0.35938
0.24286,-0.75000,0.35938
0.24286,-0.78125,-0.35938
0.24286,-0.51562,0.14062
0.25306,-0.71875,0.35938
0.25306,-0.59375,-0.26562
0.25306,-0.73438,-0.35938
0.25306,-0.73438,-0.32812
0.25306,-0.60938,0.32812
0.25306,-0.79688,0.39062
0.25306,-1.06250,0.53125
0.25306,-0.45312,0.15625
0.25306,-0.81250,-0.39062
0.25306,-0.46875,-0.21875
0.25306,-0.53125,0.20312
0.25306,-0.95312,-0.54688
0.25306,-0.54688,-0.31250
0.25306,-0.64062,0.46875
0.25306,-0.67188,-0.34375
0.25306,-0.53125,0.20312
0.25306,-0.70312,0.28125
0.25306,-0.71875,-0.23438
0.25306,-0.79688,0.39062
0.25306,-0.54688,-0.18750
0.25306,-0.57812,0.25000
0.25306,-0.59375,-0.28125
0.25306,-0.87500,-0.50000
0.25306,-0.70312,-0.35938
0.25306,-0.71875,0.39062
0.25306,-0.79688,0.46875
0.25306,-0.78125,-0.37500
0.25306,-0.79688,0.40625
0.25306,-0.42188,-0.12500
0.25306,-1.20312,0.60938
0.25306,-1.12500,-0.54688
0.25306,-0.87500,0.43750
0.25306,-0.85938,0.42188
0.25306,-0.87500,0.40625
0.25306,-0.89062,0.43750
0.25306,-0.87500,-0.42188
0.25306,-0.67188,0.18750
0.25306,-1.07812,0.59375
0.25306,-0.48438,-0.32812
0.25306,-0.60938,-0.29688
0.26327,-0.93750,0.48438
0.26327,-0.65625,0.31250
0.26327,-1.01562,0.56250
0.26327,-0.87500,-0.53125
0.26327,-0.73438,-0.28125
0.26327,-0.95312,0.45312
0.26327,-0.89062,-0.51562
0.26327,-0.93750,-0.42188
0.26327,-0.68750,-0.34375
0.26327,-0.59375,0.37500
0.26327,-0.71875,-0.26562
0.26327,-0.56250,-0.09375
0.26327,-0.92188,0.42188
0.26327,-0.65625,-0.37500
0.26327,-0.40625,-0.07812
0.26327,-1.20312,-0.65625
0.26327,-0.73438,0.32812
0.26327,-0.84375,-0.42188
0.26327,-0.60938,0.25000
0.26327,-0.81250,0.40625
0.26327,-0.90625,0.48438
0.26327,-0.90625,-0.43750
0.26327,-0.82812,-0.34375
0.26327,-0.78125,0.45312
0.26327,-1.21875,0.57812
0.26327,-0.70312,0.32812
0.26327,-0.96875,-0.48438
0.26327,-0.76562,0.46875
0.26327,-0.96875,0.56250
0.26327,-0.78125,-0.31250
0.26327,-1.01562,-0.57812
0.26327,-0.51562,0.10938
0.26327,-0.95312,0.40625
0.26327,-0.82812,-0.48438
0.26327,-0.31250,-0.04688
0.26327,-0.64062,0.28125
0.26327,-0.68750,-0.43750
0.26327,-0.71875,-0.40625
0.26327,-0.62500,-0.32812
0.26327,-0.57812,0.29688
0.27347,-0.39062,-0.01562
0.27347,-0.57812,0.17188
0.27347,-0.96875,-0.46875
0.27347,-0.56250,-0.31250
0.27347,-0.67188,0.45312
0.27347,-0.75000,-0.23438
0.27347,-1.00000,-0.59375
0.27347,-0.78125,-0.50000
0.27347,-1.17188,0.64062
0.27347,-1.17188,0.56250
0.27347,-0.48438,-0.20312
0.27347,-1.10938,0.57812
0.27347,-0.71875,-0.39062
0.27347,-0.57812,0.37500
0.27347,-0.43750,0.17188
0.27347,-0.87500,-0.45312
0.27347,-0.92188,-0.46875
0.27347,-1.06250,0.48438
0.27347,-0.79688,-0.34375
0.27347,-0.82812,0.37500
0.27347,-1.26562,-0.60938
0.27347,-0.87500,-0.45312
0.27347,-1.00000,-0.53125
0.27347,-0.79688,0.45312
0.27347,-0.67188,0.35938
0.27347,-0.84375,0.42188
0.27347,-0.76562,-0.40625
0.27347,-1.00000,0.46875
0.27347,-0.73438,-0.32812
0.27347,-0.73438,-0.17188
0.27347,-0.57812,0.23438
0.27347,-0.90625,0.39062
0.27347,-0.87500,0.42188
0.27347,-0.76562,-0.37500
0.27347,-0.79688,-0.39062
0.27347,-0.65625,-0.28125
0.27347,-0.70312,0.21875
0.27347,-0.82812,-0.34375
0.27347,-0.76562,0.42188
0.28367,-0.82812,0.43750
0.27347,-1.28125,-0.64062
0.28367,-1.00000,0.53125
0.28367,-0.71875,-0.32812
0.28367,-0.84375,-0.48438
0.28367,-0.71875,-0.39062
0.28367,-0.76562,0.50000
0.28367,-1.01562,0.51562
0.28367,-0.73438,0.40625
0.28367,-0.85938,0.50000
0.28367,-0.81250,-0.45312
0.28367,-0.46875,-0.32812
0.28367,-1.06250,-0.54688
0.28367,-1.32812,-0.68750
0.28367,-1.14062,-0.53125
0.28367,-0.87500,-0.39062
0.28367,-1.09375,0.53125
0.28367,-0.76562,-0.29688
0.28367,-0.81250,-0.39062
0.28367,-1.09375,-0.56250
0.28367,-0.46875,0.01562
0.28367,-0.96875,-0.48438
0.28367,-0.71875,0.32812
0.28367,-0.59375,0.15625
0.28367,-0.73438,-0.25000
0.28367,-0.82812,0.32812
0.28367,-0.70312,0.18750
0.28367,-1.01562,-0.43750
0.28367,-0.45312,0.17188
0.28367,-0.59375,-0.35938
0.28367,-0.95312,0.43750
0.28367,-0.70312,-0.34375
0.28367,-1.23438,0.60938
0.28367,-0.78125,-0.31250
0.28367,-0.89062,0.46875
0.28367,-0.92188,-0.45312
0.28367,-1.17188,0.53125
0.28367,-0.98438,0.46875
0.28367,-1.04688,0.54688
0.28367,-1.43750,-0.71875
0.29388,-1.10938,-0.53125
0.29388,-1.15625,0.57812
0.28367,-0.81250,-0.53125
0.29388,-1.03125,-0.56250
0.29388,-1.01562,-0.53125
0.29388,-1.12500,0.53125
0.29388,-1.15625,0.57812
0.29388,-1.09375,-0.54688
0.29388,-0.68750,-0.29688
0.29388,-0.71875,0.37500
0.29388,-0.85938,0.42188
0.29388,-0.89062,-0.45312
0.29388,-0.96875,-0.51562
0.29388,-1.00000,-0.50000
0.29388,-1.09375,-0.57812
0.29388,-1.20312,-0.62500
0.29388,-0.92188,-0.50000
0.29388,-1.03125,0.48438
0.29388,-0.89062,-0.53125
0.29388,-0.78125,0.40625
0.29388,-0.90625,0.53125
0.29388,-0.71875,-0.37500
0.29388,-1.25000,0.62500
0.29388,-0.87500,-0.46875
0.29388,-1.20312,-0.57812
0.29388,-1.06250,0.43750
0.29388,-1.00000,-0.54688
0.29388,-1.01562,-0.45312
0.29388,-1.20312,0.62500
0.29388,-1.12500,-0.59375
0.29388,-1.07812,-0.54688
0.29388,-0.68750,-0.31250
0.29388,-0.87500,-0.42188
0.29388,-0.96875,-0.51562
0.29388,-0.76562,0.40625
0.29388,-1.18750,-0.54688
0.29388,-1.23438,0.59375
0.29388,-0.92188,0.48438
0.29388,-1.00000,-0.54688
0.29388,-0.70312,-0.40625
0.29388,-0.98438,-0.54688
0.30408,-0.98438,-0.45312
0.30408,-0.92188,0.48438
0.30408,-1.04688,0.56250
0.30408,-1.20312,-0.64062
0.30408,-1.20312,0.60938
0.30408,-0.53125,0.17188
0.30408,-1.04688,-0.51562
0.30408,-1.32812,0.68750
0.30408,-1.17188,0.59375
0.30408,-1.04688,-0.54688
0.30408,-1.17188,0.60938
0.30408,-1.10938,-0.57812
0.30408,-1.25000,0.68750
0.30408,-0.70312,-0.40625
0.30408,-0.62500,0.29688
0.30408,-0.98438,0.53125
0.30408,-1.09375,0.59375
0.30408,-0.54688,-0.06250
0.30408,-1.29688,0.68750
0.30408,-0.45312,-0.04688
0.30408,-0.95312,0.45312
0.30408,-0.90625,0.57812
0.30408,-0.87500,-0.51562
0.30408,-0.92188,-0.50000
0.30408,-1.17188,0.62500
0.30408,-0.84375,-0.50000
0.30408,-1.03125,-0.50000
0.30408,-1.14062,0.59375
0.30408,-1.14062,0.53125
0.30408,-0.89062,-0.37500
0.30408,-1.06250,0.42188
0.30408,-0.68750,0.42188
0.30408,-0.79688,0.40625
0.30408,-0.78125,-0.32812
0.30408,-0.15625,0.21875
0.30408,-0.96875,0.32812
0.30408,-0.81250,0.43750
0.30408,-0.76562,0.37500
0.30408,-1.14062,-0.56250
0.30408,-0.98438,0.56250
0.31429,-1.00000,0.56250
0.31429,-1.25000,0.65625
0.31429,-1.34375,-0.67188
0.31429,-1.00000,0.45312
0.31429,-1.10938,-0.54688
0.31429,-0.56250,-0.32812
0.31429,-0.73438,-0.39062
0.31429,-1.18750,-0.59375
0.31429,-0.89062,0.50000
0.31429,-1.21875,0.60938
0.31429,-1.25000,0.68750
0.31429,-1.00000,0.50000
0.31429,-1.09375,-0.50000
0.31429,-0.93750,-0.46875
0.31429,-0.84375,0.46875
0.31429,-1.00000,0.59375
0.31429,-0.95312,-0.45312
0.31429,-1.10938,-0.59375
0.31429,-1.09375,-0.59375
0.31429,-0.95312,0.54688
0.31429,-1.18750,0.59375
0.31429,-1.00000,0.54688
0.31429,-0.87500,-0.39062
0.31429,-0.81250,-0.40625
0.31429,-1.40625,-0.73438
0.31429,-0.93750,-0.46875
0.31429,-1.04688,-0.50000
0.31429,-0.82812,0.50000
0.31429,-1.23438,-0.62500
0.31429,-0.87500,-0.50000
0.31429,-0.95312,0.37500
0.31429,-0.85938,-0.46875
0.31429,-1.07812,0.60938
0.31429,-0.60938,-0.20312
0.31429,-1.26562,-0.64062
0.31429,-1.15625,-0.57812
0.31429,-1.18750,-0.62500
0.31429,-1.14062,-0.64062
0.31429,-0.82812,0.43750
0.31429,-1.01562,0.53125
0.32449,-1.06250,-0.50000
0.32449,-0.79688,0.32812
0.32449,-1.34375,0.68750
0.32449,-0.95312,0.51562
0.32449,-1.12500,-0.54688
0.32449,-0.84375,-0.40625
0.32449,-1.50000,-0.79688
0.32449,-0.89062,-0.42188
0.32449,-1.25000,-0.64062
0.32449,-1.04688,-0.53125
0.32449,-1.10938,-0.51562
0.32449,-1.14062,0.54688
0.32449,-1.17188,-0.62500
0.32449,-1.17188,-0.60938
0.32449,-1.03125,-0.59375
0.32449,-1.20312,-0.64062
0.32449,-1.18750,-0.57812
0.32449,-1.17188,-0.60938
0.32449,-1.00000,-0.46875
0.32449,-0.96875,0.57812
0.32449,-0.79688,0.48438
0.32449,-1.06250,-0.57812
0.32449,-0.90625,0.46875
0.32449,-1.20312,0.59375
0.32449,-1.09375,0.59375
0.32449,-1.20312,0.62500
0.32449,-1.09375,0.51562
0.32449,-1.07812,-0.53125
0.32449,-1.01562,0.51562
0.32449,-0.81250,-0.37500
0.32449,-1.20312,0.62500
0.32449,-1.01562,-0.59375
0.32449,-1.23438,0.68750
0.32449,-1.01562,-0.50000
0.32449,-1.12500,-0.54688
0.32449,-1.07812,0.64062
0.32449,-1.06250,-0.43750
0.33469,-0.93750,0.43750
0.32449,-1.10938,0.56250
0.32449,-0.89062,0.46875
0.33469,-1.07812,-0.53125
0.32449,-0.98438,-0.54688
0.33469,-1.37500,0.70312
0.33469,-1.09375,0.53125
0.33469,-1.10938,0.56250
0.33469,-1.25000,0.67188
0.33469,-1.23438,0.64062
0.33469,-0.79688,0.45312
0.33469,-1.00000,-0.51562
0.33469,-1.07812,-0.54688
0.33469,-1.25000,-0.60938
0.33469,-1.09375,0.57812
0.33469,-1.21875,-0.59375
0.33469,-0.76562,0.35938
0.33469,-0.95312,-0.48438
0.33469,-0.90625,0.50000
0.33469,-1.12500,-0.57812
0.33469,-1.32812,0.64062
0.33469,-1.12500,0.62500
0.33469,-1.46875,0.76562
0.33469,-1.20312,0.60938
0.33469,-1.06250,-0.50000
0.33469,-1.12500,0.59375
0.33469,-0.93750,-0.37500
0.33469,-1.07812,0.53125
0.33469,-1.18750,0.64062
0.33469,-1.20312,0.60938
0.33469,-1.25000,0.67188
0.33469,-1.21875,-0.62500
0.33469,-0.98438,0.50000
0.33469,-1.46875,0.75000
0.33469,-1.20312,0.59375
0.33469,-1.09375,-0.53125
0.33469,-0.79688,-0.40625
0.33469,-0.96875,0.50000
0.33469,-1.01562,0.56250
0.33469,-1.09375,-0.56250
0.33469,-1.20312,0.65625
0.33469,-1.17188,-0.64062
0.33469,-1.17188,-0.59375
0.34490,-0.96875,0.51562
0.34490,-1.23438,-0.64062
0.34490,-1.03125,-0.57812
0.34490,-1.03125,0.54688
0.34490,-1.15625,0.59375
0.34490,-1.39062,-0.75000
0.34490,-0.89062,0.45312
0.34490,-1.14062,-0.60938
0.34490,-1.34375,-0.67188
0.34490,-1.01562,-0.51562
0.34490,-1.03125,-0.56250
0.34490,-1.20312,-0.60938
0.34490,-0.93750,-0.45312
0.34490,-1.12500,0.56250
0.34490,-1.01562,0.51562
0.34490,-1.25000,-0.65625
0.34490,-1.20312,-0.65625
0.34490,-1.31250,-0.65625
0.34490,-1.00000,-0.48438
0.34490,-1.14062,0.56250
0.34490,-1.28125,-0.62500
0.34490,-1.21875,0.62500
0.34490,-1.31250,-0.71875
0.34490,-1.25000,0.62500
0.34490,-1.17188,0.62500
0.34490,-1.21875,-0.59375
0.34490,-1.12500,-0.62500
0.34490,-1.10938,-0.56250
0.34490,-1.10938,-0.57812
0.34490,-0.81250,-0.39062
0.34490,-1.32812,0.65625
0.34490,-1.35938,-0.68750
0.34490,-0.79688,-0.45312
0.34490,-0.89062,0.45312
0.34490,-1.40625,0.73438
0.34490,-1.10938,-0.57812
0.34490,-0.70312,-0.34375
0.34490,-1.12500,0.56250
0.34490,-1.45312,-0.73438
0.34490,-1.14062,0.65625
0.35510,-1.03125,-0.57812
0.35510,-0.92188,-0.46875
0.35510,-1.34375,-0.70312
0.35510,-0.98438,0.57812
0.35510,-0.79688,-0.40625
0.35510,-1.14062,-0.57812
0.35510,-1.26562,-0.65625
0.35510,-1.21875,0.65625
0.35510,-1.20312,0.64062
0.35510,-1.54688,0.78125
0.35510,-1.06250,0.54688
0.35510,-1.32812,0.71875
0.35510,-1.20312,0.59375
0.35510,-0.79688,-0.39062
0.35510,-1.14062,0.56250
0.35510,-0.90625,-0.48438
0.35510,-1.28125,-0.70312
0.35510,-1.07812,-0.56250
0.35510,-1.34375,0.75000
0.35510,-1.46875,0.76562
0.35510,-1.18750,0.65625
0.35510,-1.31250,0.67188
0.35510,-1.07812,-0.57812
0.35510,-0.98438,0.53125
0.35510,-1.42188,-0.73438
0.35510,-1.01562,-0.51562
0.35510,-1.32812,0.71875
0.35510,-1.53125,-0.75000
0.35510,-1.09375,0.59375
0.35510,-1.43750,-0.75000
0.35510,-1.62500,-0.82812
0.35510,-1.20312,-0.62500
0.35510,-1.12500,0.57812
0.35510,-1.37500,-0.67188
0.35510,-1.37500,0.70312
0.35510,-1.35938,-0.68750
0.35510,-0.96875,-0.46875
0.35510,-1.28125,-0.68750
0.35510,-1.18750,0.68750
0.36531,-1.45312,-0.70312
0.35510,-1.25000,0.65625
0.36531,-1.32812,-0.68750
0.36531,-0.96875,0.40625
0.36531,-1.34375,-0.68750
0.36531,-1.12500,-0.59375
0.36531,-1.42188,-0.71875
0.36531,-1.23438,0.59375
0.36531,-1.09375,-0.60938
0.36531,-1.21875,0.65625
0.36531,-1.46875,0.75000
0.36531,-1.25000,0.65625
0.36531,-1.23438,-0.62500
0.36531,-1.15625,0.62500
0.36531,-1.26562,-0.67188
0.36531,-0.95312,-0.50000
0.36531,-0.98438,0.59375
0.36531,-1.25000,-0.68750
0.36531,-1.40625,0.75000
0.36531,-1.35938,-0.62500
0.36531,-1.35938,-0.73438
0.36531,-1.06250,0.64062
0.36531,-1.29688,-0.67188
0.36531,-1.12500,-0.56250
0.36531,-1.06250,-0.54688
0.36531,-1.48438,-0.79688
0.36531,-1.35938,0.70312
0.36531,-1.35938,0.71875
0.36531,-1.31250,-0.65625
0.36531,-1.15625,-0.53125
0.36531,-1.25000,-0.60938
0.36531,-1.29688,-0.67188
0.36531,-1.43750,-0.76562
0.36531,-1.29688,-0.70312
0.36531,-1.35938,-0.71875
0.36531,-1.26562,-0.64062
0.36531,-1.04688,-0.51562
0.36531,-1.53125,-0.75000
0.36531,-1.10938,-0.57812
0.36531,-1.12500,0.57812
0.36531,-1.07812,-0.53125
0.37551,-1.23438,-0.65625
0.37551,-1.21875,0.62500
0.37551,-1.28125,-0.64062
0.37551,-1.29688,-0.65625
0.37551,-1.23438,-0.70312
0.37551,-1.28125,-0.67188
0.37551,-1.28125,-0.68750
0.37551,-1.46875,-0.75000
0.37551,-1.04688,-0.56250
0.37551,-0.90625,-0.40625
0.37551,-1.18750,-0.60938
0.37551,-1.15625,0.59375
0.37551,-1.34375,-0.68750
0.37551,-1.29688,-0.62500
0.37551,-1.46875,-0.76562
0.37551,-1.25000,-0.59375
0.37551,-1.29688,-0.70312
0.37551,-1.50000,-0.78125
0.37551,-1.35938,-0.70312
0.37551,-1.26562,-0.64062
0.37551,-1.01562,0.51562
0.37551,-1.50000,-0.79688
0.37551,-1.12500,-0.59375
0.37551,-1.23438,-0.65625
0.37551,-1.00000,-0.53125
0.37551,-1.26562,0.60938
0.37551,-1.28125,-0.65625
0.37551,-1.28125,-0.70312
0.37551,-1.29688,-0.68750
0.37551,-1.18750,-0.62500
0.37551,-1.37500,-0.71875
0.37551,-1.31250,-0.64062
0.37551,-1.31250,-0.70312
0.37551,-1.21875,-0.68750
0.37551,-1.45312,0.73438
0.37551,-1.14062,0.53125
0.37551,-1.14062,-0.60938
0.37551,-1.34375,-0.68750
0.37551,-1.51562,-0.79688
0.37551,-0.85938,-0.39062
0.38571,-1.12500,-0.57812
0.38571,-1.50000,-0.78125
0.38571,-1.26562,-0.67188
0.38571,-1.31250,-0.67188
0.38571,-1.45312,-0.71875
0.38571,-1.17188,-0.60938
0.38571,-1.01562,0.46875
0.38571,-1.28125,0.67188
0.38571,-1.23438,-0.67188
0.38571,-1.39062,0.65625
0.38571,-1.12500,-0.50000
0.38571,-1.21875,-0.57812
0.38571,-1.31250,-0.68750
0.38571,-1.28125,0.64062
0.38571,-1.35938,-0.75000
0.38571,-1.43750,-0.71875
0.38571,-1.40625,-0.75000
0.38571,-1.42188,-0.70312
0.38571,-1.42188,-0.70312
0.38571,-1.34375,0.70312
0.38571,-1.23438,-0.67188
0.38571,-1.46875,0.71875
0.38571,-1.45312,-0.76562
0.38571,-1.39062,-0.70312
0.38571,-1.51562,-0.79688
0.38571,-1.28125,-0.62500
0.38571,-1.40625,0.71875
0.38571,-1.25000,-0.60938
0.38571,-1.39062,0.71875
0.38571,-1.42188,-0.73438
0.38571,-1.25000,-0.57812
0.38571,-1.35938,0.71875
0.38571,-1.25000,0.67188
0.38571,-1.53125,0.81250
0.38571,-1.17188,-0.64062
0.38571,-1.23438,-0.68750
0.38571,-1.34375,0.70312
0.38571,-1.39062,-0.70312
0.38571,-1.26562,-0.67188
0.38571,-1.29688,-0.67188
0.39592,-1.46875,-0.71875
0.39592,-1.46875,-0.75000
0.39592,-1.32812,0.75000
0.39592,-1.50000,-0.76562
0.39592,-1.15625,-0.57812
0.39592,-1.31250,-0.67188
0.39592,-1.32812,0.68750
0.39592,-1.10938,-0.56250
0.39592,-1.34375,-0.64062
0.39592,-1.54688,-0.78125
0.39592,-1.32812,-0.65625
0.39592,-1.40625,0.67188
0.39592,-1.32812,0.65625
0.39592,-1.40625,0.71875
0.39592,-1.39062,-0.71875
0.39592,-1.23438,-0.59375
0.39592,-1.50000,-0.78125
0.39592,-1.40625,-0.70312
0.39592,-1.32812,0.67188
0.39592,-1.40625,0.71875
0.39592,-1.29688,-0.60938
0.39592,-1.56250,-0.78125
0.39592,-0.92188,-0.48438
0.39592,-1.18750,-0.60938
0.39592,-1.32812,0.73438
0.39592,-1.54688,0.79688
0.39592,-1.43750,-0.75000
0.39592,-1.62500,-0.81250
0.39592,-1.50000,-0.76562
0.39592,-1.31250,0.71875
0.39592,-1.31250,-0.70312
0.39592,-1.29688,-0.64062
0.39592,-1.15625,-0.64062
0.39592,-1.37500,-0.71875
0.39592,-1.39062,0.68750
0.39592,-1.57812,-0.79688
0.39592,-1.10938,-0.56250
0.39592,-1.45312,-0.73438
0.39592,-1.28125,0.67188
0.39592,-1.78125,-0.90625
0.40612,-1.34375,-0.70312
0.40612,-1.28125,-0.68750
0.40612,-1.31250,0.70312
0.40612,-1.34375,-0.70312
0.40612,-1.42188,0.70312
0.40612,-1.60938,-0.81250
0.40612,-1.25000,0.65625
0.40612,-1.51562,0.79688
0.40612,-1.20312,-0.67188
0.40612,-1.31250,-0.71875
0.40612,-1.32812,-0.70312
0.40612,-1.43750,0.75000
0.40612,-1.28125,-0.60938
0.40612,-1.40625,-0.67188
0.40612,-1.56250,-0.82812
0.40612,-1.50000,-0.78125
0.40612,-1.46875,-0.73438
0.40612,-1.15625,-0.62500
0.40612,-1.35938,-0.70312
0.40612,-1.56250,-0.79688
0.40612,-1.50000,-0.78125
0.40612,-1.23438,-0.62500
0.40612,-1.45312,-0.73438
0.40612,-1.14062,-0.51562
0.40612,-1.03125,-0.54688
0.40612,-1.50000,-0.78125
0.40612,-1.39062,0.70312
0.40612,-1.45312,-0.76562
0.40612,-1.23438,0.65625
0.40612,-1.25000,0.65625
0.40612,-1.46875,-0.75000
0.40612,-1.42188,0.70312
0.40612,-1.34375,0.71875
0.40612,-1.39062,0.71875
0.40612,-1.37500,-0.71875
0.40612,-1.25000,-0.67188
0.40612,-1.53125,-0.73438
0.40612,-1.26562,-0.65625
0.40612,-1.15625,-0.64062
0.40612,-1.37500,-0.68750
0.41633,-1.15625,-0.59375
0.41633,-1.50000,0.78125
0.41633,-1.45312,-0.71875
0.41633,-1.29688,-0.64062
0.41633,-1.31250,-0.68750
0.41633,-1.31250,-0.67188
0.41633,-1.31250,-0.59375
0.41633,-1.64062,-0.84375
0.41633,-1.23438,-0.62500
0.41633,-1.39062,0.68750
0.41633,-1.34375,-0.70312
0.41633,-1.18750,-0.62500
0.41633,-1.54688,-0.79688
0.41633,-1.39062,-0.67188
0.41633,-1.37500,0.65625
0.41633,-1.25000,-0.62500
0.41633,-1.57812,-0.82812
0.41633,-1.34375,0.67188
0.41633,-1.60938,-0.82812
0.41633,-1.54688,-0.79688
0.41633,-1.29688,-0.67188
0.41633,-1.42188,-0.73438
0.41633,-1.32812,-0.67188
0.41633,-1.65625,-0.84375
0.41633,-1.51562,-0.75000
0.41633,-1.39062,-0.71875
0.41633,-1.01562,-0.51562
0.41633,-1.34375,-0.64062
0.41633,-1.29688,-0.68750
0.41633,-1.60938,-0.79688
0.41633,-1.65625,-0.82812
0.41633,-1.26562,-0.64062
0.41633,-0.92188,-0.40625
0.41633,-1.64062,-0.84375
0.41633,-1.03125,-0.57812
0.41633,-1.07812,-0.51562
0.41633,-1.40625,-0.71875
0.41633,-1.53125,-0.76562
0.41633,-1.21875,-0.67188
0.41633,-1.20312,-0.65625
0.42653,-1.46875,-0.76562
0.42653,-1.48438,-0.75000
0.42653,-1.23438,0.65625
0.42653,-1.53125,-0.79688
0.42653,-1.45312,-0.68750
0.42653,-1.15625,-0.60938
0.42653,-1.62500,-0.84375
0.42653,-1.34375,0.65625
0.42653,-1.45312,-0.73438
0.42653,-1.37500,-0.71875
0.42653,-1.60938,-0.81250
0.42653,-1.53125,0.76562
0.42653,-1.65625,-0.85938
0.42653,-1.39062,-0.65625
0.42653,-1.20312,0.62500
0.42653,-1.65625,-0.84375
0.42653,-1.43750,-0.73438
0.42653,-1.12500,-0.60938
0.42653,-1.42188,-0.71875
0.42653,-1.39062,-0.71875
0.42653,-1.17188,-0.59375
0.42653,-1.43750,-0.73438
0.42653,-1.46875,-0.76562
0.42653,-1.01562,-0.54688
0.42653,-1.43750,-0.75000
0.42653,-1.59375,0.81250
0.42653,-1.35938,0.71875
0.42653,-1.62500,-0.82812
0.42653,-1.23438,0.65625
0.42653,-1.46875,-0.73438
0.42653,-1.56250,-0.81250
0.42653,-1.50000,-0.79688
0.42653,-1.40625,0.71875
0.42653,-1.25000,-0.60938
0.42653,-1.31250,-0.67188
0.42653,-1.09375,-0.48438
0.42653,-1.54688,-0.78125
0.42653,-1.45312,-0.68750
0.42653,-1.59375,-0.82812
0.43673,-1.43750,-0.73438
0.43673,-1.50000,0.75000
0.43673,-1.32812,-0.68750
0.43673,-1.17188,-0.57812
0.42653,-1.48438,0.76562
0.43673,-1.12500,-0.56250
0.43673,-1.25000,-0.62500
0.43673,-1.48438,-0.73438
0.43673,-1.35938,-0.68750
0.43673,-1.50000,-0.78125
0.43673,-1.46875,-0.70312
0.43673,-1.29688,-0.71875
0.43673,-1.79688,-0.92188
0.43673,-1.40625,-0.75000
0.43673,-1.57812,0.79688
0.43673,-1.29688,-0.64062
0.43673,-1.20312,-0.57812
0.43673,-1.20312,0.64062
0.43673,-1.31250,0.68750
0.43673,-1.40625,-0.70312
0.43673,-1.59375,-0.81250
0.43673,-1.25000,-0.64062
0.43673,-1.35938,-0.65625
0.43673,-1.31250,-0.70312
0.43673,-0.93750,-0.50000
0.43673,-1.64062,-0.82812
0.43673,-1.51562,-0.76562
0.43673,-1.31250,-0.62500
0.43673,-1.57812,0.78125
0.43673,-1.54688,-0.79688
0.43673,-1.35938,-0.67188
0.43673,-1.50000,0.76562
0.43673,-1.37500,-0.76562
0.43673,-1.35938,-0.71875
0.43673,-1.65625,-0.85938
0.43673,-1.26562,-0.65625
0.43673,-1.46875,-0.73438
0.43673,-1.34375,-0.70312
0.43673,-1.51562,-0.76562
0.43673,-1.25000,-0.65625
0.43673,-1.56250,-0.79688
0.44694,-1.59375,-0.81250
0.44694,-1.57812,-0.79688
0.44694,-1.23438,-0.57812
0.44694,-1.37500,-0.70312
0.44694,-1.31250,-0.65625
0.44694,-1.29688,0.64062
0.44694,-1.32812,-0.65625
0.44694,-1.42188,0.71875
0.44694,-1.39062,-0.70312
0.44694,-1.56250,-0.81250
0.44694,-1.34375,-0.67188
0.44694,-1.54688,-0.81250
0.44694,-1.57812,0.78125
0.44694,-1.45312,-0.71875
0.44694,-1.64062,-0.84375
0.44694,-1.53125,-0.76562
0.44694,-1.42188,0.76562
0.44694,-1.31250,0.64062
0.44694,-1.39062,-0.70312
0.44694,-1.45312,-0.75000
0.44694,-1.62500,-0.84375
0.44694,-1.39062,-0.70312
0.44694,-1.76562,-0.90625
0.44694,-1.54688,-0.78125
0.44694,-1.43750,-0.75000
0.44694,-1.34375,0.67188
0.44694,-1.46875,-0.75000
0.44694,-1.73438,0.87500
0.44694,-1.48438,-0.78125
0.44694,-1.40625,-0.73438
0.44694,-1.56250,-0.79688
0.44694,-1.62500,-0.84375
0.44694,-1.53125,-0.76562
0.44694,-1.76562,-0.90625
0.44694,-1.31250,0.68750
0.44694,-1.42188,-0.71875
0.44694,-1.40625,0.71875
0.44694,-1.48438,-0.76562
0.44694,-1.42188,-0.71875
0.44694,-1.39062,-0.71875
0.45714,-1.54688,-0.78125
0.45714,-1.31250,-0.68750
0.45714,-1.65625,0.85938
0.45714,-1.65625,0.85938
0.45714,-1.54688,-0.79688
0.45714,-1.45312,0.76562
0.45714,-1.48438,-0.78125
0.45714,-1.17188,-0.57812
0.45714,-1.50000,-0.78125
0.45714,-1.62500,-0.85938
0.45714,-1.59375,-0.81250
0.45714,-1.59375,-0.82812
0.45714,-1.42188,-0.70312
0.45714,-1.46875,-0.71875
0.45714,-1.40625,-0.73438
0.45714,-1.53125,-0.78125
0.45714,-1.42188,-0.73438
0.45714,-1.60938,-0.81250
0.45714,-1.53125,-0.78125
0.45714,-1.50000,0.79688
0.45714,-1.54688,-0.84375
0.45714,-1.56250,-0.78125
0.45714,-1.53125,-0.76562
0.45714,-1.43750,-0.70312
0.45714,-1.78125,-0.89062
0.45714,-1.37500,-0.68750
0.45714,-1.64062,-0.82812
0.45714,-1.39062,-0.70312
0.45714,-1.53125,-0.79688
0.45714,-1.43750,-0.73438
0.45714,-1.68750,-0.84375
0.45714,-1.45312,-0.78125
0.45714,-1.39062,-0.73438
0.45714,-1.68750,-0.84375
0.45714,-1.37500,0.71875
0.45714,-1.43750,-0.71875
0.45714,-1.57812,-0.82812
0.45714,-1.45312,-0.70312
0.45714,-1.32812,-0.70312
0.45714,-1.53125,-0.75000
0.46735,-1.64062,-0.81250
0.46735,-1.50000,-0.78125
0.46735,-1.48438,0.75000
0.46735,-1.60938,0.82812
0.46735,-1.57812,-0.81250
0.46735,-1.39062,-0.73438
0.46735,-1.67188,-0.82812
0.46735,-1.37500,-0.73438
0.46735,-1.39062,-0.71875
0.46735,-1.51562,-0.78125
0.46735,-1.65625,0.84375
0.46735,-1.18750,-0.64062
0.46735,-1.39062,-0.75000
0.46735,-1.51562,-0.81250
0.46735,-1.57812,-0.79688
0.46735,-1.32812,-0.68750
0.46735,-1.73438,-0.87500
0.46735,-1.48438,-0.76562
0.46735,-1.23438,-0.67188
0.46735,-1.45312,-0.75000
0.46735,-1.37500,-0.68750
0.46735,-1.64062,-0.82812
0.46735,-1.57812,-0.82812
0.46735,-1.57812,-0.81250
0.46735,-1.51562,-0.79688
0.46735,-1.59375,-0.81250
0.46735,-1.54688,-0.79688
0.46735,-1.32812,-0.67188
0.46735,-1.50000,-0.76562
0.46735,-1.45312,-0.73438
0.46735,-1.87500,-0.95312
0.46735,-1.60938,-0.82812
0.46735,-1.54688,-0.79688
0.46735,-1.42188,-0.75000
0.46735,-1.48438,-0.78125
0.46735,-1.62500,-0.84375
0.46735,-1.62500,-0.84375
0.46735,-1.45312,-0.73438
0.46735,-1.60938,-0.79688
0.47755,-1.70312,-0.87500
0.46735,-1.71875,-0.85938
0.47755,-1.56250,-0.79688
0.47755,-1.73438,-0.85938
0.47755,-1.67188,-0.84375
0.47755,-1.60938,-0.81250
0.47755,-1.31250,-0.67188
0.47755,-1.68750,-0.84375
0.47755,-1.50000,-0.78125
0.47755,-1.57812,0.81250
0.47755,-1.62500,-0.82812
0.47755,-1.60938,-0.81250
0.47755,-1.56250,-0.79688
0.47755,-1.53125,-0.76562
0.47755,-1.48438,-0.76562
0.47755,-1.60938,-0.81250
0.47755,-1.53125,-0.76562
0.47755,-1.62500,-0.82812
0.47755,-1.54688,-0.81250
0.47755,-1.18750,-0.57812
0.47755,-1.70312,-0.84375
0.47755,-1.51562,-0.79688
0.47755,-1.59375,-0.84375
0.47755,-1.78125,-0.90625
0.47755,-1.57812,-0.79688
0.47755,-1.56250,-0.79688
0.47755,-1.54688,-0.76562
0.47755,-1.60938,-0.81250
0.47755,-1.62500,-0.79688
0.47755,-1.56250,-0.81250
0.47755,-1.60938,-0.82812
0.47755,-1.68750,-0.85938
0.47755,-1.45312,-0.71875
0.47755,-1.65625,-0.82812
0.47755,-1.12500,0.57812
0.47755,-1.50000,-0.76562
0.47755,-1.78125,-0.90625
0.47755,-1.65625,-0.84375
0.47755,-1.54688,-0.78125
0.47755,-1.26562,-0.62500
0.48776,-1.51562,0.81250
0.47755,-1.57812,-0.81250
0.48776,-1.79688,-0.92188
0.48776,-1.45312,-0.76562
0.48776,-1.54688,-0.79688
0.48776,-1.65625,-0.84375
0.48776,-1.73438,-0.87500
0.48776,-1.67188,-0.84375
0.48776,-1.53125,-0.82812
0.48776,-1.51562,0.78125
0.48776,-1.56250,-0.76562
0.48776,-1.53125,0.79688
0.48776,-1.54688,-0.78125
0.48776,-1.45312,-0.76562
0.48776,-1.60938,-0.82812
0.48776,-1.35938,-0.71875
0.48776,-1.48438,-0.75000
0.48776,-1.67188,-0.85938
0.48776,-1.29688,0.67188
0.48776,-1.50000,-0.78125
0.48776,-1.70312,-0.89062
0.48776,-1.34375,-0.73438
0.48776,-1.53125,-0.78125
0.48776,-1.59375,-0.79688
0.48776,-1.68750,-0.87500
0.48776,-1.57812,-0.79688
0.48776,-1.64062,-0.82812
0.48776,-1.39062,0.70312
0.48776,-1.75000,-0.89062
0.48776,-1.56250,-0.78125
0.48776,-1.60938,-0.79688
0.48776,-1.53125,-0.76562
0.48776,-1.50000,0.78125
0.48776,-1.57812,0.82812
0.48776,-1.53125,-0.79688
0.48776,-1.29688,-0.68750
0.48776,-1.59375,-0.79688
0.48776,-1.64062,-0.82812
0.48776,-1.75000,0.85938
0.48776,-1.67188,-0.84375
0.48776,-1.53125,-0.79688
0.49796,-1.46875,-0.75000
0.49796,-1.73438,-0.87500
0.49796,-1.39062,0.73438
0.49796,-1.56250,-0.79688
0.49796,-1.70312,-0.90625
0.49796,-1.51562,-0.78125
0.49796,-1.54688,-0.78125
0.49796,-1.48438,0.76562
0.49796,-1.42188,-0.70312
0.49796,-1.65625,-0.87500
0.49796,-1.42188,-0.71875
0.49796,-1.70312,-0.87500
0.49796,-1.67188,-0.85938
0.49796,-1.46875,-0.75000
0.49796,-1.73438,-0.87500
0.49796,-1.54688,-0.78125
0.49796,-1.65625,0.84375
0.49796,-1.57812,-0.82812
0.49796,-1.39062,-0.70312
0.49796,-1.54688,-0.78125
0.49796,-1.59375,-0.82812
0.49796,-1.65625,-0.78125
0.49796,-1.56250,-0.78125
0.49796,-1.54688,-0.73438
0.49796,-1.68750,-0.87500
0.49796,-1.73438,-0.90625
0.49796,-1.70312,-0.85938
0.49796,-1.71875,-0.89062
0.49796,-1.51562,0.75000
0.49796,-1.45312,-0.76562
0.49796,-1.39062,-0.75000
0.49796,-1.65625,-0.84375
0.49796,-1.68750,-0.87500
0.49796,-1.51562,-0.78125
0.49796,-1.67188,-0.84375
0.49796,-1.56250,-0.82812
0.49796,-1.40625,-0.70312
0.49796,-1.78125,-0.89062
0.49796,-1.79688,-0.90625
0.50816,-1.43750,-0.73438
0.49796,-1.54688,-0.79688
0.50816,-1.75000,-0.89062
0.50816,-1.59375,-0.78125
0.50816,-1.75000,-0.89062
0.50816,-1.73438,-0.90625
0.50816,-1.56250,-0.79688
0.50816,-1.70312,-0.87500
0.50816,-1.60938,0.84375
0.50816,-1.67188,-0.85938
0.50816,-1.67188,-0.87500
0.50816,-1.64062,-0.82812
0.50816,-1.71875,-0.82812
0.50816,-1.53125,-0.76562
0.50816,-1.57812,-0.81250
0.50816,-1.70312,-0.87500
0.50816,-1.56250,-0.76562
0.50816,-1.76562,-0.90625
0.50816,-1.59375,-0.81250
0.50816,-1.39062,-0.65625
0.50816,-1.56250,-0.79688
0.50816,-1.78125,-0.90625
0.50816,-1.53125,-0.81250
0.50816,-1.76562,-0.89062
0.50816,-1.90625,-0.96875
0.50816,-1.78125,-0.90625
0.50816,-1.42188,-0.71875
0.50816,-1.59375,-0.79688
0.50816,-1.84375,-0.93750
0.50816,-1.48438,-0.78125
0.50816,-1.53125,-0.76562
0.50816,-1.67188,-0.84375
0.50816,-1.76562,-0.90625
0.50816,-1.71875,-0.87500
0.50816,-1.35938,-0.67188
0.50816,-1.65625,0.85938
0.50816,-1.64062,-0.82812
0.50816,-1.78125,-0.90625
0.50816,-1.56250,-0.79688
0.51837,-1.59375,-0.82812
0.50816,-1.81250,-0.92188
0.51837,-1.68750,0.85938
0.50816,-1.60938,-0.82812
0.51837,-1.53125,-0.78125
0.51837,-1.45312,-0.73438
0.51837,-1.53125,-0.78125
0.51837,-1.79688,-0.92188
0.51837,-1.60938,-0.82812
0.51837,-1.56250,-0.76562
0.51837,-1.84375,0.93750
0.51837,-1.67188,-0.84375
0.51837,-1.46875,-0.73438
0.51837,-1.73438,-0.89062
0.51837,-1.50000,-0.75000
0.51837,-1.73438,0.89062
0.51837,-1.62500,-0.82812
0.51837,-1.56250,-0.78125
0.51837,-1.46875,-0.76562
0.51837,-1.70312,-0.87500
0.51837,-1.60938,-0.82812
0.51837,-1.70312,-0.85938
0.51837,-1.78125,-0.90625
0.51837,-1.34375,-0.70312
0.51837,-1.46875,-0.81250
0.51837,-1.68750,-0.84375
0.51837,-1.81250,-0.92188
0.51837,-1.62500,-0.82812
0.51837,-1.78125,-0.92188
0.51837,-1.76562,-0.92188
0.51837,-1.53125,0.76562
0.51837,-1.57812,-0.81250
0.51837,-1.67188,-0.84375
0.51837,-1.71875,-0.89062
0.51837,-1.62500,-0.82812
0.51837,-1.75000,-0.89062
0.51837,-1.60938,-0.79688
0.51837,-1.64062,-0.82812
0.51837,-1.51562,-0.78125
0.51837,-1.84375,-0.93750
0.51837,-1.78125,-0.90625
0.51837,-1.50000,-0.75000
0.52857,-1.43750,-0.73438
0.52857,-1.57812,-0.81250
0.52857,-1.73438,-0.89062
0.52857,-1.50000,-0.75000
0.52857,-1.78125,-0.90625
0.52857,-1.51562,-0.78125
0.52857,-1.53125,-0.76562
0.52857,-1.37500,-0.68750
0.52857,-1.53125,-0.73438
0.52857,-1.57812,-0.81250
0.52857,-1.50000,-0.73438
0.52857,-1.70312,0.87500
0.52857,-1.64062,-0.78125
0.52857,-1.67188,-0.85938
0.52857,-1.70312,-0.89062
0.52857,-1.85938,-0.95312
0.52857,-1.78125,-0.90625
0.52857,-1.67188,-0.87500
0.52857,-1.65625,-0.84375
0.52857,-1.68750,-0.85938
0.52857,-1.48438,-0.73438
0.52857,-1.76562,-0.89062
0.52857,-1.51562,0.78125
0.52857,-1.60938,0.84375
0.52857,-1.60938,-0.82812
0.52857,-1.67188,-0.85938
0.52857,-1.57812,-0.81250
0.52857,-1.75000,-0.89062
0.52857,-1.75000,-0.87500
0.52857,-1.71875,-0.87500
0.52857,-1.70312,-0.89062
0.52857,-1.51562,-0.76562
0.52857,-1.78125,-0.90625
0.52857,-1.76562,-0.89062
0.52857,-1.60938,-0.81250
0.52857,-1.75000,-0.89062
0.52857,-1.71875,-0.84375
0.52857,-1.64062,-0.82812
0.52857,-1.48438,-0.79688
0.52857,-1.56250,-0.82812
0.53878,-1.84375,-0.93750
0.53878,-1.62500,-0.84375
0.53878,-1.62500,-0.82812
0.53878,-1.39062,-0.68750
0.53878,-1.73438,-0.87500
0.53878,-1.62500,0.84375
0.53878,-1.68750,-0.87500
0.53878,-1.71875,-0.89062
0.53878,-1.67188,-0.84375
0.53878,-1.78125,-0.90625
0.53878,-1.50000,-0.78125
0.53878,-1.64062,-0.82812
0.53878,-1.71875,-0.87500
0.53878,-1.65625,-0.85938
0.53878,-1.84375,-0.93750
0.53878,-1.62500,-0.81250
0.53878,-1.59375,-0.82812
0.53878,-1.68750,-0.85938
0.53878,-1.81250,-0.92188
0.53878,-1.78125,-0.92188
0.53878,-1.73438,-0.87500
0.53878,-1.59375,-0.82812
0.53878,-1.64062,-0.82812
0.53878,-1.75000,-0.89062
0.53878,-1.56250,-0.79688
0.53878,-1.79688,-0.90625
0.53878,-1.67188,-0.85938
0.53878,-1.48438,-0.76562
0.53878,-1.81250,0.92188
0.53878,-1.71875,-0.87500
0.53878,-1.54688,-0.78125
0.53878,-1.50000,-0.78125
0.53878,-1.73438,-0.89062
0.53878,-1.75000,-0.87500
0.53878,-1.81250,-0.92188
0.53878,-1.78125,-0.89062
0.53878,-1.78125,-0.87500
0.53878,-1.68750,-0.84375
0.53878,-1.51562,-0.78125
0.53878,-1.62500,-0.84375
0.54898,-1.70312,-0.87500
0.54898,-1.50000,-0.78125
0.54898,-1.67188,-0.85938
0.54898,-1.67188,-0.85938
0.54898,-1.70312,-0.84375
0.54898,-1.70312,-0.87500
0.54898,-1.60938,-0.82812
0.54898,-1.46875,-0.73438
0.54898,-1.82812,-0.93750
0.54898,-1.45312,-0.70312
0.54898,-1.53125,0.78125
0.54898,-1.59375,-0.79688
0.54898,-1.53125,-0.76562
0.54898,-1.68750,-0.87500
0.54898,-1.68750,-0.84375
0.54898,-1.64062,-0.84375
0.54898,-1.56250,-0.78125
0.54898,-1.90625,-0.96875
0.54898,-1.71875,-0.85938
0.54898,-1.60938,-0.82812
0.54898,-1.54688,-0.76562
0.54898,-1.70312,-0.87500
0.54898,-1.78125,-0.90625
0.54898,-1.73438,-0.89062
0.54898,-1.60938,-0.84375
0.54898,-1.78125,-0.92188
0.54898,-1.84375,0.93750
0.54898,-1.59375,-0.85938
0.54898,-1.90625,-0.96875
0.54898,-1.84375,-0.93750
0.54898,-1.70312,-0.89062
0.54898,-1.71875,-0.87500
0.54898,-1.71875,-0.85938
0.54898,-1.65625,-0.81250
0.54898,-1.68750,-0.87500
0.54898,-1.76562,-0.90625
0.54898,-1.68750,-0.84375
0.54898,-1.53125,-0.78125
0.54898,-1.62500,-0.84375
0.54898,-1.76562,-0.90625
0.55918,-1.60938,-0.82812
0.55918,-1.82812,0.93750
0.55918,-1.67188,-0.84375
0.55918,-1.67188,-0.82812
0.55918,-1.50000,-0.75000
0.55918,-1.59375,-0.82812
0.55918,-1.78125,-0.90625
0.55918,-1.70312,-0.85938
0.55918,-1.56250,-0.79688
0.55918,-1.51562,-0.79688
0.55918,-1.67188,-0.87500
0.55918,-1.76562,-0.90625
0.55918,-1.79688,-0.90625
0.55918,-1.85938,-0.95312
0.55918,-1.75000,-0.89062
0.55918,-1.48438,-0.76562
0.55918,-1.65625,-0.84375
0.55918,-1.53125,-0.79688
0.55918,-1.50000,-0.73438
0.55918,-1.71875,-0.89062
0.55918,-1.57812,-0.82812
0.55918,-1.64062,-0.81250
0.55918,-1.67188,-0.87500
0.55918,-1.67188,-0.85938
0.55918,-1.46875,-0.76562
0.55918,-1.64062,-0.84375
0.55918,-1.62500,-0.81250
0.55918,-1.76562,-0.90625
0.55918,-1.65625,-0.84375
0.55918,-1.54688,0.78125
0.55918,-1.68750,-0.84375
0.55918,-1.75000,-0.90625
0.55918,-1.75000,-0.90625
0.55918,-1.56250,-0.81250
0.55918,-1.79688,0.92188
0.55918,-1.60938,-0.82812
0.55918,-1.62500,-0.82812
0.55918,-1.51562,-0.76562
0.55918,-1.57812,-0.82812
0.55918,-1.65625,-0.84375
0.56939,-1.70312,-0.84375
0.56939,-1.71875,-0.87500
0.56939,-1.68750,-0.87500
0.56939,-1.62500,-0.84375
0.56939,-1.67188,0.84375
0.56939,-1.84375,-0.93750
0.56939,-1.51562,-0.71875
0.56939,-1.60938,-0.82812
0.56939,-1.65625,-0.85938
0.56939,-1.67188,-0.84375
0.56939,-1.62500,-0.82812
0.56939,-1.59375,-0.82812
0.56939,-1.68750,-0.84375
0.56939,-1.62500,-0.81250
0.56939,-1.71875,-0.89062
0.56939,-1.59375,-0.82812
0.56939,-1.73438,-0.84375
0.56939,-1.68750,-0.84375
0.56939,-1.68750,-0.87500
0.56939,-1.71875,-0.87500
0.56939,-1.87500,-0.95312
0.56939,-1.50000,-0.75000
0.56939,-1.71875,-0.90625
0.56939,-1.78125,-0.90625
0.56939,-1.67188,-0.84375
0.56939,-1.50000,-0.76562
0.56939,-1.78125,-0.92188
0.56939,-1.68750,-0.85938
0.56939,-1.73438,-0.89062
0.56939,-1.73438,-0.85938
0.56939,-1.73438,-0.89062
0.56939,-1.50000,-0.76562
0.56939,-1.57812,-0.79688
0.56939,-1.78125,-0.90625
0.56939,-1.50000,0.76562
0.56939,-1.78125,-0.90625
0.56939,-1.76562,-0.92188
0.56939,-1.82812,-0.93750
0.56939,-1.70312,-0.87500
0.56939,-1.71875,-0.85938
0.57959,-1.75000,-0.89062
0.57959,-1.57812,-0.81250
0.57959,-1.67188,-0.85938
0.57959,-1.78125,-0.92188
0.57959,-1.45312,-0.70312
0.57959,-1.82812,-0.93750
0.57959,-1.62500,-0.81250
0.57959,-1.70312,-0.87500
0.57959,-1.87500,-0.95312
0.57959,-1.67188,-0.85938
0.57959,-1.65625,-0.84375
0.57959,-1.62500,-0.81250
0.57959,-1.65625,-0.84375
0.57959,-1.64062,0.84375
0.57959,-1.76562,-0.90625
0.57959,-1.54688,-0.79688
0.57959,-1.57812,-0.79688
0.57959,-1.64062,-0.82812
0.57959,-1.67188,-0.87500
0.57959,-1.78125,-0.90625
0.57959,-1.71875,-0.87500
0.57959,-1.64062,-0.84375
0.57959,-1.65625,-0.85938
0.57959,-1.67188,-0.85938
0.57959,-1.60938,-0.84375
0.57959,-1.70312,-0.84375
0.57959,-1.48438,-0.76562
0.57959,-1.79688,-0.90625
0.57959,-1.78125,-0.92188
0.57959,-1.53125,-0.81250
0.57959,-1.75000,0.89062
0.57959,-1.85938,-0.95312
0.57959,-1.57812,-0.79688
0.57959,-1.78125,-0.90625
0.57959,-1.75000,-0.89062
0.57959,-1.65625,-0.85938
0.57959,-1.68750,-0.85938
0.57959,-1.76562,0.89062
0.57959,-1.67188,0.85938
0.57959,-1.60938,-0.82812
0.58980,-1.60938,-0.81250
0.58980,-1.59375,-0.82812
0.58980,-1.62500,-0.82812
0.58980,-1.65625,-0.84375
0.58980,-1.70312,-0.87500
0.58980,-1.65625,-0.87500
0.58980,-1.71875,-0.87500
0.58980,-1.81250,-0.92188
0.58980,-1.75000,-0.90625
0.58980,-1.71875,-0.87500
0.58980,-1.62500,-0.81250
0.58980,-1.60938,-0.84375
0.58980,-1.75000,-0.89062
0.58980,-1.71875,-0.87500
0.58980,-1.50000,-0.76562
0.58980,-1.60938,-0.81250
0.58980,-1.71875,-0.87500
0.58980,-1.78125,-0.90625
0.58980,-1.73438,-0.87500
0.58980,-1.75000,-0.89062
0.58980,-1.71875,0.85938
0.58980,-1.75000,-0.85938
0.58980,-1.78125,-0.92188
0.58980,-1.60938,-0.81250
0.58980,-1.65625,-0.85938
0.58980,-1.85938,-0.95312
0.58980,-1.78125,-0.90625
0.58980,-1.79688,-0.92188
0.58980,-1.70312,-0.87500
0.58980,-1.64062,-0.81250
0.58980,-1.79688,-0.90625
0.58980,-1.70312,-0.87500
0.58980,-1.79688,-0.90625
0.58980,-1.71875,-0.87500
0.58980,-1.65625,-0.82812
0.58980,-1.84375,0.93750
0.58980,-1.56250,-0.79688
0.58980,-1.70312,-0.89062
0.58980,-1.71875,-0.87500
0.58980,-1.62500,-0.84375
0.60000,-1.71875,-0.87500
0.60000,-1.54688,-0.79688
0.60000,-1.78125,-0.90625
0.60000,-1.85938,-0.95312
0.60000,-1.53125,-0.78125
0.60000,-1.70312,-0.89062
0.60000,-1.79688,-0.92188
0.60000,-1.85938,-0.93750
0.60000,-1.60938,-0.81250
0.60000,-1.78125,-0.92188
0.60000,-1.59375,0.82812
0.60000,-1.73438,-0.85938
0.60000,-1.65625,-0.84375
0.60000,-1.67188,-0.87500
0.60000,-1.73438,-0.89062
0.60000,-1.73438,0.87500
0.60000,-1.76562,-0.89062
0.60000,-1.62500,-0.82812
0.60000,-1.78125,0.90625
0.60000,-1.57812,-0.79688
0.60000,-1.51562,-0.75000
0.60000,-1.67188,-0.85938
0.60000,-1.79688,-0.92188
0.60000,-1.68750,-0.85938
0.60000,-1.73438,-0.89062
0.60000,-1.59375,-0.82812
0.60000,-1.64062,-0.85938
0.60000,-1.79688,-0.90625
0.60000,-1.82812,-0.92188
0.60000,-1.70312,-0.87500
0.60000,-1.81250,-0.92188
0.60000,-1.76562,0.92188
0.60000,-1.46875,0.75000
0.60000,-1.64062,-0.84375
0.60000,-1.68750,-0.87500
0.60000,-1.73438,-0.92188
0.60000,-1.79688,-0.92188
0.60000,-1.78125,-0.92188
0.60000,-1.71875,-0.87500
0.60000,-1.84375,-0.93750
